,pm_first_name,pm_last_name,team_name,alt_team_name
0,Megan,Kelley,3,Genesis
1,Katherine,Olsen,4,Odyssey
2,Robert,Fernandez,2,Apex
3,Jonathan,Maynard,3,Genesis
4,William,Morrison,1,Luminary
5,Richard,Matthews,2,Apex
6,Kristen,Wallace,1,Luminary
7,Kevin,Carlson,6,Horizon
8,Thomas,Cruz,1,Luminary
9,Brandy,Johnston,6,Horizon
10,Rebecca,Roberts,4,Odyssey
11,Juan,Lopez,2,Apex
12,Katelyn,Salazar,4,Odyssey
13,Christine,Douglas,2,Apex
14,John,Alvarez,1,Luminary
15,Renee,Davis,2,Apex
16,Tonya,Todd,2,Apex
17,Lisa,Mcdowell,3,Genesis
18,Rachel,Mclean,6,Horizon
19,Kyle,Kirby,1,Luminary
20,Jessica,Villanueva,1,Luminary
21,Gabriella,Leblanc,5,Endeavor
22,Craig,Myers,3,Genesis
23,Ryan,Thornton,5,Endeavor
24,Cheryl,Hill,4,Odyssey
25,Robin,Cain,1,Luminary
26,Tammy,Atkinson,2,Apex
27,Michelle,Jacobson,3,Genesis
28,Jorge,Lawrence,6,Horizon
29,Linda,Herring,1,Luminary
30,Ana,Riley,2,Apex
31,Alexis,Hayes,6,Horizon
32,Jennifer,Keller,1,Luminary
33,Raymond,Davies,3,Genesis
34,Mallory,Stark,5,Endeavor
35,Elizabeth,Leon,3,Genesis
36,Aaron,Miller,2,Apex
37,Tristan,Tucker,1,Luminary
38,Mikayla,Mccoy,6,Horizon
39,Mark,Bruce,3,Genesis
40,Monica,Sanchez,3,Genesis
41,James,Dennis,2,Apex
42,Ashley,Wilson,5,Endeavor
43,Seth,Robinson,6,Horizon
44,Christopher,Norton,3,Genesis
45,Luke,Cook,1,Luminary
46,Sarah,Cabrera,3,Genesis
47,Daniel,Garcia,1,Luminary
48,Andrea,Thomas,3,Genesis
49,Jasmine,Wolfe,2,Apex
